{
  "aggregate": {
    "python": {
      "decode_ms_total": 12860.422999999999,
      "contours_ms_total": 39821.191000000006,
      "triangulation_ms_total": 40004.858,
      "buffers_ms_total": 0.002,
      "total_ms": 92686.47399999999
    },
    "cpp_native": {
      "decode_ms_total": 12824.472,
      "contours_ms_total": 5019.381,
      "triangulation_ms_total": 38644.202000000005,
      "buffers_ms_total": 0.002,
      "total_ms": 56488.057
    },
    "opencv_variants": [
      {
        "label": "simple",
        "aggregate": {
          "decode_ms_total": 12850.08,
          "contours_ms_total": 5189.312,
          "triangulation_ms_total": 45536.105,
          "buffers_ms_total": 0.003,
          "total_ms": 63575.5
        },
        "speedup_vs_python_total_x": 1.457896107777367,
        "speedup_vs_cpp_native_total_x": 0.8885192723612083,
        "delta_vs_python": {
          "files": 3,
          "mesh_area_abs_sum": 39.306489000009606,
          "contour_area_abs_sum": 0.0,
          "tri_abs_sum": 6036,
          "score": 6429.064890000096
        },
        "delta_vs_cpp_native": {
          "files": 3,
          "mesh_area_abs_sum": 39.306489000009606,
          "contour_area_abs_sum": 0.0,
          "tri_abs_sum": 6036,
          "score": 6429.064890000096
        }
      },
      {
        "label": "tc89_l1",
        "aggregate": {
          "decode_ms_total": 12758.29,
          "contours_ms_total": 36528.566,
          "triangulation_ms_total": 23669.073,
          "buffers_ms_total": 3546.786,
          "total_ms": 76502.715
        },
        "speedup_vs_python_total_x": 1.2115448974588678,
        "speedup_vs_cpp_native_total_x": 0.7383797686134408,
        "delta_vs_python": {
          "files": 3,
          "mesh_area_abs_sum": 50912.844983999974,
          "contour_area_abs_sum": 51815.31557400004,
          "tri_abs_sum": 132884,
          "score": 1056534.974432
        },
        "delta_vs_cpp_native": {
          "files": 3,
          "mesh_area_abs_sum": 50912.844983999974,
          "contour_area_abs_sum": 51815.31557400004,
          "tri_abs_sum": 132884,
          "score": 1056534.974432
        }
      },
      {
        "label": "tc89_kcos",
        "aggregate": {
          "decode_ms_total": 12453.341,
          "contours_ms_total": 36040.055,
          "triangulation_ms_total": 19040.327,
          "buffers_ms_total": 3344.0330000000004,
          "total_ms": 70877.756
        },
        "speedup_vs_python_total_x": 1.3076948147173282,
        "speedup_vs_cpp_native_total_x": 0.7969786317727102,
        "delta_vs_python": {
          "files": 3,
          "mesh_area_abs_sum": 41087.47296600001,
          "contour_area_abs_sum": 42448.51859900003,
          "tri_abs_sum": 193325,
          "score": 943787.8784520003
        },
        "delta_vs_cpp_native": {
          "files": 3,
          "mesh_area_abs_sum": 41087.47296600001,
          "contour_area_abs_sum": 42448.51859900003,
          "tri_abs_sum": 193325,
          "score": 943787.8784520003
        }
      }
    ]
  },
  "recommended_opencv_approx": "simple",
  "decision_basis": "min(delta_vs_python.score), tie-break on total_ms"
}
